ville_depart,ville_destination,lat_depart,lon_depart,lat_destination,lon_destination,distance_vol_oiseau_km,distance_reelle_km
Ariana,Sfax,36.8625,10.1956,34.7406,10.7603,241.38,300.95
Tunis,Gabès,36.8065,10.1815,33.8881,10.0975,324.6,389.6
Gabès,Sousse,33.8881,10.0975,35.8245,10.6346,220.82,299.75
Sfax,Bizerte,34.7406,10.7603,37.2744,9.8739,292.81,411.13
Bizerte,Sousse,37.2744,9.8739,35.8245,10.6346,174.95,225.93
Ariana,Gafsa,36.8625,10.1956,34.425,8.7842,299.53,441.15
Sousse,Tunis,35.8245,10.6346,36.8065,10.1815,116.5,173.69
Nabeul,Sousse,36.4561,10.7376,35.8245,10.6346,70.84,102.96
Gabès,Sousse,33.8881,10.0975,35.8245,10.6346,220.82,284.61
Sfax,Bizerte,34.7406,10.7603,37.2744,9.8739,292.81,368.84
Gabès,Monastir,33.8881,10.0975,35.7643,10.8113,218.56,269.87
Bizerte,Nabeul,37.2744,9.8739,36.4561,10.7376,119.09,166.8
Sfax,Kairouan,34.7406,10.7603,35.6781,10.0963,120.44,179.64
Gabès,Monastir,33.8881,10.0975,35.7643,10.8113,218.56,269.54
Bizerte,Gafsa,37.2744,9.8739,34.425,8.7842,331.7,458.19
Ariana,Tunis,36.8625,10.1956,36.8065,10.1815,6.35,8.18
Tunis,Sousse,36.8065,10.1815,35.8245,10.6346,116.5,158.65
Sfax,Sousse,34.7406,10.7603,35.8245,10.6346,121.06,160.78
Nabeul,Gafsa,36.4561,10.7376,34.425,8.7842,286.9,403.88
Ariana,Sfax,36.8625,10.1956,34.7406,10.7603,241.38,360.03
Kairouan,Ariana,35.6781,10.0963,36.8625,10.1956,132.0,182.54
Kairouan,Monastir,35.6781,10.0963,35.7643,10.8113,65.25,88.69
Sfax,Tunis,34.7406,10.7603,36.8065,10.1815,235.58,334.16
Gabès,Gafsa,33.8881,10.0975,34.425,8.7842,134.78,174.71
Nabeul,Tunis,36.4561,10.7376,36.8065,10.1815,63.09,91.03
Nabeul,Sousse,36.4561,10.7376,35.8245,10.6346,70.84,92.26
Tunis,Nabeul,36.8065,10.1815,36.4561,10.7376,63.09,79.02
Nabeul,Sousse,36.4561,10.7376,35.8245,10.6346,70.84,96.87
Kairouan,Nabeul,35.6781,10.0963,36.4561,10.7376,103.95,152.43
Ariana,Nabeul,36.8625,10.1956,36.4561,10.7376,66.18,81.43
Gafsa,Tunis,34.425,8.7842,36.8065,10.1815,293.38,409.44
Sfax,Bizerte,34.7406,10.7603,37.2744,9.8739,292.81,409.14
Gafsa,Monastir,34.425,8.7842,35.7643,10.8113,237.04,329.33
Sousse,Gafsa,35.8245,10.6346,34.425,8.7842,229.2,294.35
Gafsa,Nabeul,34.425,8.7842,36.4561,10.7376,286.9,423.02
Bizerte,Sfax,37.2744,9.8739,34.7406,10.7603,292.81,426.3
Gafsa,Monastir,34.425,8.7842,35.7643,10.8113,237.04,333.94
Tunis,Nabeul,36.8065,10.1815,36.4561,10.7376,63.09,92.31
Gabès,Monastir,33.8881,10.0975,35.7643,10.8113,218.56,315.39
Sousse,Bizerte,35.8245,10.6346,37.2744,9.8739,174.95,244.05
Nabeul,Tunis,36.4561,10.7376,36.8065,10.1815,63.09,76.39
Nabeul,Sousse,36.4561,10.7376,35.8245,10.6346,70.84,91.45
Sfax,Sousse,34.7406,10.7603,35.8245,10.6346,121.06,148.37
Tunis,Ariana,36.8065,10.1815,36.8625,10.1956,6.35,7.7
Ariana,Gafsa,36.8625,10.1956,34.425,8.7842,299.53,434.56
Gafsa,Monastir,34.425,8.7842,35.7643,10.8113,237.04,323.5
Sfax,Bizerte,34.7406,10.7603,37.2744,9.8739,292.81,405.11
Kairouan,Bizerte,35.6781,10.0963,37.2744,9.8739,178.61,220.55
Gafsa,Sousse,34.425,8.7842,35.8245,10.6346,229.2,308.84
Kairouan,Ariana,35.6781,10.0963,36.8625,10.1956,132.0,195.99
Tunis,Kairouan,36.8065,10.1815,35.6781,10.0963,125.7,183.14
Gafsa,Bizerte,34.425,8.7842,37.2744,9.8739,331.7,455.31
Gafsa,Bizerte,34.425,8.7842,37.2744,9.8739,331.7,460.33
Bizerte,Gabès,37.2744,9.8739,33.8881,10.0975,377.08,463.9
Gabès,Nabeul,33.8881,10.0975,36.4561,10.7376,291.41,409.28
Ariana,Bizerte,36.8625,10.1956,37.2744,9.8739,53.97,79.93
Sousse,Bizerte,35.8245,10.6346,37.2744,9.8739,174.95,249.34
Nabeul,Bizerte,36.4561,10.7376,37.2744,9.8739,119.09,162.98
Kairouan,Monastir,35.6781,10.0963,35.7643,10.8113,65.25,88.76
Sfax,Gabès,34.7406,10.7603,33.8881,10.0975,112.66,163.82
Tunis,Gafsa,36.8065,10.1815,34.425,8.7842,293.38,391.53
Bizerte,Sfax,37.2744,9.8739,34.7406,10.7603,292.81,420.73
Kairouan,Tunis,35.6781,10.0963,36.8065,10.1815,125.7,164.07
Sousse,Bizerte,35.8245,10.6346,37.2744,9.8739,174.95,232.3
Nabeul,Gabès,36.4561,10.7376,33.8881,10.0975,291.41,370.08
Gabès,Sousse,33.8881,10.0975,35.8245,10.6346,220.82,270.52
Monastir,Tunis,35.7643,10.8113,36.8065,10.1815,128.9,164.49
Kairouan,Gafsa,35.6781,10.0963,34.425,8.7842,183.52,273.2
Gabès,Sousse,33.8881,10.0975,35.8245,10.6346,220.82,329.77
Sfax,Tunis,34.7406,10.7603,36.8065,10.1815,235.58,351.2
Sousse,Gabès,35.8245,10.6346,33.8881,10.0975,220.82,324.68
Tunis,Sousse,36.8065,10.1815,35.8245,10.6346,116.5,162.41
Bizerte,Ariana,37.2744,9.8739,36.8625,10.1956,53.97,65.29
Sfax,Sousse,34.7406,10.7603,35.8245,10.6346,121.06,178.36
Gafsa,Kairouan,34.425,8.7842,35.6781,10.0963,183.52,250.59
Monastir,Gafsa,35.7643,10.8113,34.425,8.7842,237.04,311.24
Kairouan,Sfax,35.6781,10.0963,34.7406,10.7603,120.44,145.86
Sfax,Sousse,34.7406,10.7603,35.8245,10.6346,121.06,172.51
Gafsa,Tunis,34.425,8.7842,36.8065,10.1815,293.38,373.83
Bizerte,Kairouan,37.2744,9.8739,35.6781,10.0963,178.61,254.89
Sousse,Tunis,35.8245,10.6346,36.8065,10.1815,116.5,157.98
Gabès,Sfax,33.8881,10.0975,34.7406,10.7603,112.66,151.42
Tunis,Gafsa,36.8065,10.1815,34.425,8.7842,293.38,406.38
Tunis,Ariana,36.8065,10.1815,36.8625,10.1956,6.35,8.28
Nabeul,Gafsa,36.4561,10.7376,34.425,8.7842,286.9,412.83
Sousse,Gabès,35.8245,10.6346,33.8881,10.0975,220.82,306.11
Gafsa,Bizerte,34.425,8.7842,37.2744,9.8739,331.7,485.04
Kairouan,Tunis,35.6781,10.0963,36.8065,10.1815,125.7,152.04
Sousse,Gabès,35.8245,10.6346,33.8881,10.0975,220.82,298.33
Sfax,Monastir,34.7406,10.7603,35.7643,10.8113,113.92,146.17
Sfax,Ariana,34.7406,10.7603,36.8625,10.1956,241.38,356.57
Tunis,Monastir,36.8065,10.1815,35.7643,10.8113,128.9,159.83
Tunis,Ariana,36.8065,10.1815,36.8625,10.1956,6.35,8.63
Gafsa,Bizerte,34.425,8.7842,37.2744,9.8739,331.7,430.63
Kairouan,Bizerte,35.6781,10.0963,37.2744,9.8739,178.61,241.04
Nabeul,Ariana,36.4561,10.7376,36.8625,10.1956,66.18,86.12
Ariana,Gabès,36.8625,10.1956,33.8881,10.0975,330.86,407.13
Tunis,Nabeul,36.8065,10.1815,36.4561,10.7376,63.09,78.99
Tunis,Sfax,36.8065,10.1815,34.7406,10.7603,235.58,310.81
Nabeul,Gafsa,36.4561,10.7376,34.425,8.7842,286.9,392.2
Tunis,Gabès,36.8065,10.1815,33.8881,10.0975,324.6,438.95
Monastir,Ariana,35.7643,10.8113,36.8625,10.1956,134.0,180.14
Ariana,Monastir,36.8625,10.1956,35.7643,10.8113,134.0,168.91
Ariana,Sousse,36.8625,10.1956,35.8245,10.6346,121.93,163.62
Ariana,Kairouan,36.8625,10.1956,35.6781,10.0963,132.0,195.34
Nabeul,Bizerte,36.4561,10.7376,37.2744,9.8739,119.09,172.98
Sfax,Gafsa,34.7406,10.7603,34.425,8.7842,184.28,234.17
Gabès,Ariana,33.8881,10.0975,36.8625,10.1956,330.86,434.45
Sfax,Gafsa,34.7406,10.7603,34.425,8.7842,184.28,242.36
Tunis,Sfax,36.8065,10.1815,34.7406,10.7603,235.58,331.72
Gabès,Nabeul,33.8881,10.0975,36.4561,10.7376,291.41,376.94
Ariana,Sousse,36.8625,10.1956,35.8245,10.6346,121.93,173.92
Sfax,Tunis,34.7406,10.7603,36.8065,10.1815,235.58,320.85
Nabeul,Tunis,36.4561,10.7376,36.8065,10.1815,63.09,87.05
Nabeul,Tunis,36.4561,10.7376,36.8065,10.1815,63.09,78.34
Nabeul,Gafsa,36.4561,10.7376,34.425,8.7842,286.9,346.26
Kairouan,Nabeul,35.6781,10.0963,36.4561,10.7376,103.95,127.99
Monastir,Kairouan,35.7643,10.8113,35.6781,10.0963,65.25,81.95
Sfax,Kairouan,34.7406,10.7603,35.6781,10.0963,120.44,158.23
Gabès,Sousse,33.8881,10.0975,35.8245,10.6346,220.82,291.36
Monastir,Tunis,35.7643,10.8113,36.8065,10.1815,128.9,177.38
Sfax,Gafsa,34.7406,10.7603,34.425,8.7842,184.28,264.28
Sousse,Ariana,35.8245,10.6346,36.8625,10.1956,121.93,161.48
Gafsa,Sfax,34.425,8.7842,34.7406,10.7603,184.28,232.48
Bizerte,Monastir,37.2744,9.8739,35.7643,10.8113,187.65,255.27
Ariana,Gabès,36.8625,10.1956,33.8881,10.0975,330.86,490.94
Nabeul,Gabès,36.4561,10.7376,33.8881,10.0975,291.41,423.11
Monastir,Sfax,35.7643,10.8113,34.7406,10.7603,113.92,140.26
Gabès,Bizerte,33.8881,10.0975,37.2744,9.8739,377.08,549.3
Ariana,Tunis,36.8625,10.1956,36.8065,10.1815,6.35,9.02
Gabès,Bizerte,33.8881,10.0975,37.2744,9.8739,377.08,555.51
Tunis,Bizerte,36.8065,10.1815,37.2744,9.8739,58.76,85.15
Monastir,Gafsa,35.7643,10.8113,34.425,8.7842,237.04,353.75
Monastir,Nabeul,35.7643,10.8113,36.4561,10.7376,77.21,98.88
Bizerte,Gafsa,37.2744,9.8739,34.425,8.7842,331.7,487.66
Ariana,Kairouan,36.8625,10.1956,35.6781,10.0963,132.0,181.23
Gabès,Gafsa,33.8881,10.0975,34.425,8.7842,134.78,162.18
Gafsa,Kairouan,34.425,8.7842,35.6781,10.0963,183.52,247.44
Ariana,Sousse,36.8625,10.1956,35.8245,10.6346,121.93,181.38
Kairouan,Bizerte,35.6781,10.0963,37.2744,9.8739,178.61,229.8
Ariana,Nabeul,36.8625,10.1956,36.4561,10.7376,66.18,98.02
Ariana,Gabès,36.8625,10.1956,33.8881,10.0975,330.86,402.14
Gabès,Sousse,33.8881,10.0975,35.8245,10.6346,220.82,297.81
Monastir,Nabeul,35.7643,10.8113,36.4561,10.7376,77.21,92.77
Bizerte,Sfax,37.2744,9.8739,34.7406,10.7603,292.81,412.03
Monastir,Sfax,35.7643,10.8113,34.7406,10.7603,113.92,158.48
Bizerte,Nabeul,37.2744,9.8739,36.4561,10.7376,119.09,166.84
Sousse,Kairouan,35.8245,10.6346,35.6781,10.0963,51.23,62.0
Monastir,Bizerte,35.7643,10.8113,37.2744,9.8739,187.65,267.12
Gafsa,Nabeul,34.425,8.7842,36.4561,10.7376,286.9,395.6
Tunis,Gabès,36.8065,10.1815,33.8881,10.0975,324.6,445.26
Sousse,Gafsa,35.8245,10.6346,34.425,8.7842,229.2,335.96
Monastir,Tunis,35.7643,10.8113,36.8065,10.1815,128.9,161.85
Kairouan,Nabeul,35.6781,10.0963,36.4561,10.7376,103.95,137.27
Gabès,Sousse,33.8881,10.0975,35.8245,10.6346,220.82,292.9
Gabès,Kairouan,33.8881,10.0975,35.6781,10.0963,199.04,256.54
Sfax,Monastir,34.7406,10.7603,35.7643,10.8113,113.92,159.93
Tunis,Gabès,36.8065,10.1815,33.8881,10.0975,324.6,475.62
Ariana,Nabeul,36.8625,10.1956,36.4561,10.7376,66.18,83.99
Nabeul,Monastir,36.4561,10.7376,35.7643,10.8113,77.21,100.76
Monastir,Gafsa,35.7643,10.8113,34.425,8.7842,237.04,296.81
Nabeul,Gabès,36.4561,10.7376,33.8881,10.0975,291.41,390.2
Gabès,Gafsa,33.8881,10.0975,34.425,8.7842,134.78,177.55
Bizerte,Nabeul,37.2744,9.8739,36.4561,10.7376,119.09,176.19
Ariana,Nabeul,36.8625,10.1956,36.4561,10.7376,66.18,81.03
Monastir,Ariana,35.7643,10.8113,36.8625,10.1956,134.0,174.78
Bizerte,Monastir,37.2744,9.8739,35.7643,10.8113,187.65,262.25
Monastir,Gabès,35.7643,10.8113,33.8881,10.0975,218.56,302.83
Gafsa,Monastir,34.425,8.7842,35.7643,10.8113,237.04,343.17
Sousse,Tunis,35.8245,10.6346,36.8065,10.1815,116.5,157.54
Ariana,Gafsa,36.8625,10.1956,34.425,8.7842,299.53,369.85
Tunis,Monastir,36.8065,10.1815,35.7643,10.8113,128.9,171.39
Tunis,Sousse,36.8065,10.1815,35.8245,10.6346,116.5,150.32
Nabeul,Sousse,36.4561,10.7376,35.8245,10.6346,70.84,85.98
Gafsa,Tunis,34.425,8.7842,36.8065,10.1815,293.38,354.0
Kairouan,Tunis,35.6781,10.0963,36.8065,10.1815,125.7,186.45
Monastir,Tunis,35.7643,10.8113,36.8065,10.1815,128.9,180.99
Sfax,Ariana,34.7406,10.7603,36.8625,10.1956,241.38,320.05
Gafsa,Sfax,34.425,8.7842,34.7406,10.7603,184.28,270.57
Bizerte,Nabeul,37.2744,9.8739,36.4561,10.7376,119.09,159.81
Gafsa,Bizerte,34.425,8.7842,37.2744,9.8739,331.7,399.82
Gafsa,Tunis,34.425,8.7842,36.8065,10.1815,293.38,352.16
Nabeul,Sousse,36.4561,10.7376,35.8245,10.6346,70.84,95.46
Ariana,Gabès,36.8625,10.1956,33.8881,10.0975,330.86,398.19
Ariana,Nabeul,36.8625,10.1956,36.4561,10.7376,66.18,98.33
Gabès,Sfax,33.8881,10.0975,34.7406,10.7603,112.66,140.01
Ariana,Sousse,36.8625,10.1956,35.8245,10.6346,121.93,148.96
Monastir,Sousse,35.7643,10.8113,35.8245,10.6346,17.29,22.42
Tunis,Monastir,36.8065,10.1815,35.7643,10.8113,128.9,161.16
Gabès,Monastir,33.8881,10.0975,35.7643,10.8113,218.56,302.7
Nabeul,Tunis,36.4561,10.7376,36.8065,10.1815,63.09,84.88
Nabeul,Tunis,36.4561,10.7376,36.8065,10.1815,63.09,85.67
Ariana,Sousse,36.8625,10.1956,35.8245,10.6346,121.93,154.33
Tunis,Bizerte,36.8065,10.1815,37.2744,9.8739,58.76,83.19
Ariana,Gabès,36.8625,10.1956,33.8881,10.0975,330.86,464.55
Kairouan,Gafsa,35.6781,10.0963,34.425,8.7842,183.52,266.81
Sousse,Tunis,35.8245,10.6346,36.8065,10.1815,116.5,157.76
Tunis,Gabès,36.8065,10.1815,33.8881,10.0975,324.6,466.74
Gafsa,Tunis,34.425,8.7842,36.8065,10.1815,293.38,393.05
Ariana,Kairouan,36.8625,10.1956,35.6781,10.0963,132.0,178.7
Gabès,Sfax,33.8881,10.0975,34.7406,10.7603,112.66,152.59
Kairouan,Gafsa,35.6781,10.0963,34.425,8.7842,183.52,242.19
Sfax,Gafsa,34.7406,10.7603,34.425,8.7842,184.28,246.22
Ariana,Tunis,36.8625,10.1956,36.8065,10.1815,6.35,8.44
Nabeul,Ariana,36.4561,10.7376,36.8625,10.1956,66.18,86.95
Sfax,Gabès,34.7406,10.7603,33.8881,10.0975,112.66,154.06
Sousse,Kairouan,35.8245,10.6346,35.6781,10.0963,51.23,71.31
Sfax,Ariana,34.7406,10.7603,36.8625,10.1956,241.38,292.67
Kairouan,Tunis,35.6781,10.0963,36.8065,10.1815,125.7,174.94
Tunis,Monastir,36.8065,10.1815,35.7643,10.8113,128.9,159.54
Gabès,Bizerte,33.8881,10.0975,37.2744,9.8739,377.08,470.16
Ariana,Kairouan,36.8625,10.1956,35.6781,10.0963,132.0,173.22
Nabeul,Gabès,36.4561,10.7376,33.8881,10.0975,291.41,430.01
Monastir,Ariana,35.7643,10.8113,36.8625,10.1956,134.0,187.25
Gafsa,Sousse,34.425,8.7842,35.8245,10.6346,229.2,281.26
Tunis,Gabès,36.8065,10.1815,33.8881,10.0975,324.6,477.3
Gafsa,Bizerte,34.425,8.7842,37.2744,9.8739,331.7,462.63
Gabès,Bizerte,33.8881,10.0975,37.2744,9.8739,377.08,519.97
Gafsa,Kairouan,34.425,8.7842,35.6781,10.0963,183.52,254.33
Gafsa,Bizerte,34.425,8.7842,37.2744,9.8739,331.7,408.88
Tunis,Ariana,36.8065,10.1815,36.8625,10.1956,6.35,8.67
Bizerte,Gafsa,37.2744,9.8739,34.425,8.7842,331.7,490.29
Gabès,Gafsa,33.8881,10.0975,34.425,8.7842,134.78,172.12
Bizerte,Ariana,37.2744,9.8739,36.8625,10.1956,53.97,71.46
Bizerte,Tunis,37.2744,9.8739,36.8065,10.1815,58.76,72.4
Sousse,Sfax,35.8245,10.6346,34.7406,10.7603,121.06,149.35
Sousse,Gafsa,35.8245,10.6346,34.425,8.7842,229.2,319.5
Monastir,Gafsa,35.7643,10.8113,34.425,8.7842,237.04,303.99
Nabeul,Kairouan,36.4561,10.7376,35.6781,10.0963,103.95,129.41
Kairouan,Bizerte,35.6781,10.0963,37.2744,9.8739,178.61,225.95
Gafsa,Sfax,34.425,8.7842,34.7406,10.7603,184.28,235.34
Tunis,Monastir,36.8065,10.1815,35.7643,10.8113,128.9,171.92
Gafsa,Nabeul,34.425,8.7842,36.4561,10.7376,286.9,394.06
Gafsa,Sfax,34.425,8.7842,34.7406,10.7603,184.28,241.42
Gafsa,Sousse,34.425,8.7842,35.8245,10.6346,229.2,330.07
Ariana,Gafsa,36.8625,10.1956,34.425,8.7842,299.53,376.54
Kairouan,Nabeul,35.6781,10.0963,36.4561,10.7376,103.95,139.25
Gabès,Sousse,33.8881,10.0975,35.8245,10.6346,220.82,314.99
Bizerte,Sfax,37.2744,9.8739,34.7406,10.7603,292.81,384.97
Sfax,Ariana,34.7406,10.7603,36.8625,10.1956,241.38,338.29
Kairouan,Sousse,35.6781,10.0963,35.8245,10.6346,51.23,72.37
Sousse,Bizerte,35.8245,10.6346,37.2744,9.8739,174.95,259.12
Gabès,Gafsa,33.8881,10.0975,34.425,8.7842,134.78,168.28
Gabès,Tunis,33.8881,10.0975,36.8065,10.1815,324.6,400.85
Tunis,Gabès,36.8065,10.1815,33.8881,10.0975,324.6,469.25
Tunis,Gafsa,36.8065,10.1815,34.425,8.7842,293.38,402.49
Bizerte,Kairouan,37.2744,9.8739,35.6781,10.0963,178.61,221.79
Gabès,Sfax,33.8881,10.0975,34.7406,10.7603,112.66,137.5
Gafsa,Sousse,34.425,8.7842,35.8245,10.6346,229.2,309.84
Gabès,Tunis,33.8881,10.0975,36.8065,10.1815,324.6,427.15
Bizerte,Monastir,37.2744,9.8739,35.7643,10.8113,187.65,228.43
Nabeul,Sfax,36.4561,10.7376,34.7406,10.7603,190.77,246.28
Bizerte,Sfax,37.2744,9.8739,34.7406,10.7603,292.81,422.87
Tunis,Kairouan,36.8065,10.1815,35.6781,10.0963,125.7,155.77
Kairouan,Bizerte,35.6781,10.0963,37.2744,9.8739,178.61,214.92
Tunis,Monastir,36.8065,10.1815,35.7643,10.8113,128.9,175.38
Sousse,Monastir,35.8245,10.6346,35.7643,10.8113,17.29,25.73
Bizerte,Sfax,37.2744,9.8739,34.7406,10.7603,292.81,374.74
Gafsa,Tunis,34.425,8.7842,36.8065,10.1815,293.38,406.1
Sousse,Kairouan,35.8245,10.6346,35.6781,10.0963,51.23,66.32
Bizerte,Sousse,37.2744,9.8739,35.8245,10.6346,174.95,257.27
Monastir,Kairouan,35.7643,10.8113,35.6781,10.0963,65.25,87.12
Gafsa,Sfax,34.425,8.7842,34.7406,10.7603,184.28,225.82
Gabès,Sfax,33.8881,10.0975,34.7406,10.7603,112.66,147.13
Tunis,Sfax,36.8065,10.1815,34.7406,10.7603,235.58,289.65
Nabeul,Gabès,36.4561,10.7376,33.8881,10.0975,291.41,416.94
Monastir,Nabeul,35.7643,10.8113,36.4561,10.7376,77.21,110.59
Sousse,Monastir,35.8245,10.6346,35.7643,10.8113,17.29,22.27
Tunis,Gafsa,36.8065,10.1815,34.425,8.7842,293.38,381.83
Nabeul,Bizerte,36.4561,10.7376,37.2744,9.8739,119.09,148.76
Sfax,Bizerte,34.7406,10.7603,37.2744,9.8739,292.81,410.35
Sousse,Nabeul,35.8245,10.6346,36.4561,10.7376,70.84,94.8
Tunis,Nabeul,36.8065,10.1815,36.4561,10.7376,63.09,94.34
Gafsa,Tunis,34.425,8.7842,36.8065,10.1815,293.38,395.04
Sfax,Gafsa,34.7406,10.7603,34.425,8.7842,184.28,249.24
Kairouan,Sfax,35.6781,10.0963,34.7406,10.7603,120.44,160.2
Gabès,Sfax,33.8881,10.0975,34.7406,10.7603,112.66,164.93
Monastir,Tunis,35.7643,10.8113,36.8065,10.1815,128.9,169.19
Tunis,Sousse,36.8065,10.1815,35.8245,10.6346,116.5,165.86
Gafsa,Gabès,34.425,8.7842,33.8881,10.0975,134.78,174.09
Tunis,Ariana,36.8065,10.1815,36.8625,10.1956,6.35,8.03
Tunis,Sousse,36.8065,10.1815,35.8245,10.6346,116.5,152.22
Kairouan,Bizerte,35.6781,10.0963,37.2744,9.8739,178.61,219.91
Sousse,Tunis,35.8245,10.6346,36.8065,10.1815,116.5,149.23
Ariana,Kairouan,36.8625,10.1956,35.6781,10.0963,132.0,186.42
Bizerte,Sfax,37.2744,9.8739,34.7406,10.7603,292.81,384.0
Kairouan,Sousse,35.6781,10.0963,35.8245,10.6346,51.23,69.1
Sousse,Ariana,35.8245,10.6346,36.8625,10.1956,121.93,158.55
Sfax,Monastir,34.7406,10.7603,35.7643,10.8113,113.92,138.62
Ariana,Sfax,36.8625,10.1956,34.7406,10.7603,241.38,357.53
Gabès,Nabeul,33.8881,10.0975,36.4561,10.7376,291.41,413.47
Sfax,Sousse,34.7406,10.7603,35.8245,10.6346,121.06,178.78
Tunis,Sousse,36.8065,10.1815,35.8245,10.6346,116.5,149.44
Monastir,Sousse,35.7643,10.8113,35.8245,10.6346,17.29,21.56
Nabeul,Gabès,36.4561,10.7376,33.8881,10.0975,291.41,396.24
Gafsa,Kairouan,34.425,8.7842,35.6781,10.0963,183.52,271.8
Sousse,Monastir,35.8245,10.6346,35.7643,10.8113,17.29,21.5
Ariana,Sfax,36.8625,10.1956,34.7406,10.7603,241.38,359.71
Bizerte,Gabès,37.2744,9.8739,33.8881,10.0975,377.08,515.98
Gabès,Gafsa,33.8881,10.0975,34.425,8.7842,134.78,193.75
Sousse,Monastir,35.8245,10.6346,35.7643,10.8113,17.29,21.48
Monastir,Gafsa,35.7643,10.8113,34.425,8.7842,237.04,305.11
Ariana,Tunis,36.8625,10.1956,36.8065,10.1815,6.35,8.57
Tunis,Ariana,36.8065,10.1815,36.8625,10.1956,6.35,7.86
Kairouan,Gabès,35.6781,10.0963,33.8881,10.0975,199.04,284.95
Nabeul,Gabès,36.4561,10.7376,33.8881,10.0975,291.41,419.49
Nabeul,Kairouan,36.4561,10.7376,35.6781,10.0963,103.95,154.82
Sfax,Sousse,34.7406,10.7603,35.8245,10.6346,121.06,156.62
Sousse,Tunis,35.8245,10.6346,36.8065,10.1815,116.5,161.24
Nabeul,Ariana,36.4561,10.7376,36.8625,10.1956,66.18,86.64
Gafsa,Sfax,34.425,8.7842,34.7406,10.7603,184.28,262.03
Sousse,Monastir,35.8245,10.6346,35.7643,10.8113,17.29,21.61
Monastir,Sfax,35.7643,10.8113,34.7406,10.7603,113.92,161.29
Bizerte,Kairouan,37.2744,9.8739,35.6781,10.0963,178.61,220.27
Bizerte,Sousse,37.2744,9.8739,35.8245,10.6346,174.95,253.41
Kairouan,Gabès,35.6781,10.0963,33.8881,10.0975,199.04,292.91
Monastir,Kairouan,35.7643,10.8113,35.6781,10.0963,65.25,97.47
Gabès,Ariana,33.8881,10.0975,36.8625,10.1956,330.86,413.62
Nabeul,Bizerte,36.4561,10.7376,37.2744,9.8739,119.09,153.82
Bizerte,Ariana,37.2744,9.8739,36.8625,10.1956,53.97,77.84
Gafsa,Kairouan,34.425,8.7842,35.6781,10.0963,183.52,241.68
Tunis,Ariana,36.8065,10.1815,36.8625,10.1956,6.35,8.53
Monastir,Nabeul,35.7643,10.8113,36.4561,10.7376,77.21,111.79
Sfax,Bizerte,34.7406,10.7603,37.2744,9.8739,292.81,376.1
Sousse,Sfax,35.8245,10.6346,34.7406,10.7603,121.06,146.95
Sfax,Ariana,34.7406,10.7603,36.8625,10.1956,241.38,311.37
Kairouan,Nabeul,35.6781,10.0963,36.4561,10.7376,103.95,135.36
Ariana,Sousse,36.8625,10.1956,35.8245,10.6346,121.93,167.63
Bizerte,Gafsa,37.2744,9.8739,34.425,8.7842,331.7,409.48
Gabès,Nabeul,33.8881,10.0975,36.4561,10.7376,291.41,394.93
Nabeul,Gafsa,36.4561,10.7376,34.425,8.7842,286.9,396.53
Sfax,Gabès,34.7406,10.7603,33.8881,10.0975,112.66,139.64
Ariana,Tunis,36.8625,10.1956,36.8065,10.1815,6.35,9.04
Monastir,Sousse,35.7643,10.8113,35.8245,10.6346,17.29,23.2
Bizerte,Ariana,37.2744,9.8739,36.8625,10.1956,53.97,72.57
Ariana,Sfax,36.8625,10.1956,34.7406,10.7603,241.38,351.51
Bizerte,Nabeul,37.2744,9.8739,36.4561,10.7376,119.09,158.58
Sfax,Sousse,34.7406,10.7603,35.8245,10.6346,121.06,149.41
Monastir,Kairouan,35.7643,10.8113,35.6781,10.0963,65.25,80.87
Gabès,Sfax,33.8881,10.0975,34.7406,10.7603,112.66,157.99
Kairouan,Bizerte,35.6781,10.0963,37.2744,9.8739,178.61,252.78
Sousse,Ariana,35.8245,10.6346,36.8625,10.1956,121.93,163.0
Kairouan,Gafsa,35.6781,10.0963,34.425,8.7842,183.52,224.64
Sousse,Bizerte,35.8245,10.6346,37.2744,9.8739,174.95,241.1
Nabeul,Ariana,36.4561,10.7376,36.8625,10.1956,66.18,92.08
Gabès,Kairouan,33.8881,10.0975,35.6781,10.0963,199.04,270.64
Sousse,Monastir,35.8245,10.6346,35.7643,10.8113,17.29,21.87
Sousse,Nabeul,35.8245,10.6346,36.4561,10.7376,70.84,94.14
Kairouan,Gafsa,35.6781,10.0963,34.425,8.7842,183.52,265.5
Monastir,Nabeul,35.7643,10.8113,36.4561,10.7376,77.21,101.75
Gafsa,Sousse,34.425,8.7842,35.8245,10.6346,229.2,340.13
Kairouan,Tunis,35.6781,10.0963,36.8065,10.1815,125.7,154.66
Ariana,Bizerte,36.8625,10.1956,37.2744,9.8739,53.97,80.5
Bizerte,Tunis,37.2744,9.8739,36.8065,10.1815,58.76,74.19
Monastir,Kairouan,35.7643,10.8113,35.6781,10.0963,65.25,80.85
Tunis,Gabès,36.8065,10.1815,33.8881,10.0975,324.6,486.4
Bizerte,Sfax,37.2744,9.8739,34.7406,10.7603,292.81,381.27
Sousse,Gafsa,35.8245,10.6346,34.425,8.7842,229.2,292.02
Monastir,Tunis,35.7643,10.8113,36.8065,10.1815,128.9,174.3
Sfax,Gafsa,34.7406,10.7603,34.425,8.7842,184.28,229.46
Bizerte,Gabès,37.2744,9.8739,33.8881,10.0975,377.08,489.35
Sfax,Ariana,34.7406,10.7603,36.8625,10.1956,241.38,328.98
Monastir,Tunis,35.7643,10.8113,36.8065,10.1815,128.9,183.52
Sousse,Bizerte,35.8245,10.6346,37.2744,9.8739,174.95,259.75
Nabeul,Tunis,36.4561,10.7376,36.8065,10.1815,63.09,86.36
Nabeul,Monastir,36.4561,10.7376,35.7643,10.8113,77.21,102.09
Sfax,Bizerte,34.7406,10.7603,37.2744,9.8739,292.81,407.61
Sfax,Monastir,34.7406,10.7603,35.7643,10.8113,113.92,169.91
Tunis,Monastir,36.8065,10.1815,35.7643,10.8113,128.9,159.88
Monastir,Gafsa,35.7643,10.8113,34.425,8.7842,237.04,355.41
Sfax,Nabeul,34.7406,10.7603,36.4561,10.7376,190.77,271.3
Bizerte,Sfax,37.2744,9.8739,34.7406,10.7603,292.81,412.87
Gafsa,Nabeul,34.425,8.7842,36.4561,10.7376,286.9,370.63
Ariana,Tunis,36.8625,10.1956,36.8065,10.1815,6.35,9.44
Gabès,Sousse,33.8881,10.0975,35.8245,10.6346,220.82,274.6
Tunis,Nabeul,36.8065,10.1815,36.4561,10.7376,63.09,81.24
Sfax,Monastir,34.7406,10.7603,35.7643,10.8113,113.92,158.59
Bizerte,Monastir,37.2744,9.8739,35.7643,10.8113,187.65,275.21
Tunis,Sousse,36.8065,10.1815,35.8245,10.6346,116.5,155.99
Sfax,Ariana,34.7406,10.7603,36.8625,10.1956,241.38,341.84
Gafsa,Bizerte,34.425,8.7842,37.2744,9.8739,331.7,408.26
Nabeul,Monastir,36.4561,10.7376,35.7643,10.8113,77.21,92.74
Sfax,Gabès,34.7406,10.7603,33.8881,10.0975,112.66,144.33
Kairouan,Gabès,35.6781,10.0963,33.8881,10.0975,199.04,261.38
Bizerte,Monastir,37.2744,9.8739,35.7643,10.8113,187.65,264.8
Bizerte,Sfax,37.2744,9.8739,34.7406,10.7603,292.81,418.22
Sfax,Ariana,34.7406,10.7603,36.8625,10.1956,241.38,336.3
Kairouan,Sfax,35.6781,10.0963,34.7406,10.7603,120.44,152.08
Kairouan,Gafsa,35.6781,10.0963,34.425,8.7842,183.52,243.12
Gafsa,Gabès,34.425,8.7842,33.8881,10.0975,134.78,186.31
Tunis,Bizerte,36.8065,10.1815,37.2744,9.8739,58.76,71.43
Sfax,Gabès,34.7406,10.7603,33.8881,10.0975,112.66,157.73
Kairouan,Gabès,35.6781,10.0963,33.8881,10.0975,199.04,239.73
Gafsa,Sousse,34.425,8.7842,35.8245,10.6346,229.2,277.2
Sfax,Gafsa,34.7406,10.7603,34.425,8.7842,184.28,269.66
Nabeul,Sousse,36.4561,10.7376,35.8245,10.6346,70.84,87.68
Kairouan,Sousse,35.6781,10.0963,35.8245,10.6346,51.23,69.44
Sfax,Kairouan,34.7406,10.7603,35.6781,10.0963,120.44,176.3
Gabès,Sfax,33.8881,10.0975,34.7406,10.7603,112.66,140.34
Monastir,Ariana,35.7643,10.8113,36.8625,10.1956,134.0,163.2
Bizerte,Gabès,37.2744,9.8739,33.8881,10.0975,377.08,515.99
Nabeul,Kairouan,36.4561,10.7376,35.6781,10.0963,103.95,144.15
Tunis,Sfax,36.8065,10.1815,34.7406,10.7603,235.58,328.13
Sfax,Nabeul,34.7406,10.7603,36.4561,10.7376,190.77,269.43
Gabès,Kairouan,33.8881,10.0975,35.6781,10.0963,199.04,246.87
Kairouan,Monastir,35.6781,10.0963,35.7643,10.8113,65.25,90.45
Monastir,Tunis,35.7643,10.8113,36.8065,10.1815,128.9,161.09
Gafsa,Bizerte,34.425,8.7842,37.2744,9.8739,331.7,463.63
Bizerte,Gabès,37.2744,9.8739,33.8881,10.0975,377.08,481.86
Tunis,Kairouan,36.8065,10.1815,35.6781,10.0963,125.7,182.12
Ariana,Monastir,36.8625,10.1956,35.7643,10.8113,134.0,167.3
Sfax,Ariana,34.7406,10.7603,36.8625,10.1956,241.38,359.19
Gabès,Sousse,33.8881,10.0975,35.8245,10.6346,220.82,288.64
Tunis,Ariana,36.8065,10.1815,36.8625,10.1956,6.35,8.44
Gafsa,Bizerte,34.425,8.7842,37.2744,9.8739,331.7,437.63
Monastir,Gafsa,35.7643,10.8113,34.425,8.7842,237.04,349.76
Kairouan,Monastir,35.6781,10.0963,35.7643,10.8113,65.25,85.86
Sousse,Gafsa,35.8245,10.6346,34.425,8.7842,229.2,342.04
Monastir,Sousse,35.7643,10.8113,35.8245,10.6346,17.29,24.27
Gafsa,Tunis,34.425,8.7842,36.8065,10.1815,293.38,376.92
Tunis,Monastir,36.8065,10.1815,35.7643,10.8113,128.9,189.05
Bizerte,Gafsa,37.2744,9.8739,34.425,8.7842,331.7,418.65
Kairouan,Gafsa,35.6781,10.0963,34.425,8.7842,183.52,264.87
Gabès,Tunis,33.8881,10.0975,36.8065,10.1815,324.6,434.64
Ariana,Tunis,36.8625,10.1956,36.8065,10.1815,6.35,9.08
Kairouan,Sousse,35.6781,10.0963,35.8245,10.6346,51.23,64.95
Tunis,Gabès,36.8065,10.1815,33.8881,10.0975,324.6,483.67
Kairouan,Sfax,35.6781,10.0963,34.7406,10.7603,120.44,155.47
Monastir,Gafsa,35.7643,10.8113,34.425,8.7842,237.04,341.81
Sousse,Sfax,35.8245,10.6346,34.7406,10.7603,121.06,148.12
Nabeul,Monastir,36.4561,10.7376,35.7643,10.8113,77.21,98.8
Bizerte,Ariana,37.2744,9.8739,36.8625,10.1956,53.97,73.08
Bizerte,Nabeul,37.2744,9.8739,36.4561,10.7376,119.09,146.42
Monastir,Sousse,35.7643,10.8113,35.8245,10.6346,17.29,20.91
Sfax,Sousse,34.7406,10.7603,35.8245,10.6346,121.06,149.59
Bizerte,Monastir,37.2744,9.8739,35.7643,10.8113,187.65,269.44
Kairouan,Nabeul,35.6781,10.0963,36.4561,10.7376,103.95,143.95
Kairouan,Bizerte,35.6781,10.0963,37.2744,9.8739,178.61,266.15
Bizerte,Kairouan,37.2744,9.8739,35.6781,10.0963,178.61,265.37
Tunis,Nabeul,36.8065,10.1815,36.4561,10.7376,63.09,91.16
Monastir,Tunis,35.7643,10.8113,36.8065,10.1815,128.9,178.96
Nabeul,Sousse,36.4561,10.7376,35.8245,10.6346,70.84,89.08
Sousse,Gabès,35.8245,10.6346,33.8881,10.0975,220.82,281.36
Gabès,Monastir,33.8881,10.0975,35.7643,10.8113,218.56,286.79
Kairouan,Ariana,35.6781,10.0963,36.8625,10.1956,132.0,162.41
Nabeul,Sousse,36.4561,10.7376,35.8245,10.6346,70.84,96.03
Kairouan,Sousse,35.6781,10.0963,35.8245,10.6346,51.23,64.39
Sfax,Bizerte,34.7406,10.7603,37.2744,9.8739,292.81,369.41
Tunis,Gafsa,36.8065,10.1815,34.425,8.7842,293.38,405.18
Ariana,Sfax,36.8625,10.1956,34.7406,10.7603,241.38,296.32
Monastir,Ariana,35.7643,10.8113,36.8625,10.1956,134.0,187.82
Gafsa,Nabeul,34.425,8.7842,36.4561,10.7376,286.9,425.77
Kairouan,Gabès,35.6781,10.0963,33.8881,10.0975,199.04,284.96
Ariana,Sousse,36.8625,10.1956,35.8245,10.6346,121.93,167.64
Nabeul,Gabès,36.4561,10.7376,33.8881,10.0975,291.41,403.65
Nabeul,Kairouan,36.4561,10.7376,35.6781,10.0963,103.95,152.5
Sfax,Bizerte,34.7406,10.7603,37.2744,9.8739,292.81,352.17
Gafsa,Monastir,34.425,8.7842,35.7643,10.8113,237.04,330.95
Kairouan,Sousse,35.6781,10.0963,35.8245,10.6346,51.23,65.28
Nabeul,Monastir,36.4561,10.7376,35.7643,10.8113,77.21,114.69
Ariana,Tunis,36.8625,10.1956,36.8065,10.1815,6.35,9.12
Nabeul,Kairouan,36.4561,10.7376,35.6781,10.0963,103.95,153.45
Sousse,Nabeul,35.8245,10.6346,36.4561,10.7376,70.84,99.17
Tunis,Monastir,36.8065,10.1815,35.7643,10.8113,128.9,173.99
Tunis,Kairouan,36.8065,10.1815,35.6781,10.0963,125.7,167.58
Gafsa,Tunis,34.425,8.7842,36.8065,10.1815,293.38,419.34
Ariana,Sousse,36.8625,10.1956,35.8245,10.6346,121.93,175.09
Tunis,Ariana,36.8065,10.1815,36.8625,10.1956,6.35,8.17
Gafsa,Ariana,34.425,8.7842,36.8625,10.1956,299.53,433.89
Sousse,Tunis,35.8245,10.6346,36.8065,10.1815,116.5,157.47
Monastir,Bizerte,35.7643,10.8113,37.2744,9.8739,187.65,253.5
Gabès,Kairouan,33.8881,10.0975,35.6781,10.0963,199.04,283.53
Kairouan,Sousse,35.6781,10.0963,35.8245,10.6346,51.23,65.0
Ariana,Sousse,36.8625,10.1956,35.8245,10.6346,121.93,152.22
Ariana,Nabeul,36.8625,10.1956,36.4561,10.7376,66.18,92.02
Nabeul,Gabès,36.4561,10.7376,33.8881,10.0975,291.41,354.74
Sfax,Tunis,34.7406,10.7603,36.8065,10.1815,235.58,312.01
Gabès,Nabeul,33.8881,10.0975,36.4561,10.7376,291.41,378.33
Kairouan,Sousse,35.6781,10.0963,35.8245,10.6346,51.23,68.22
Bizerte,Monastir,37.2744,9.8739,35.7643,10.8113,187.65,268.7
Sfax,Monastir,34.7406,10.7603,35.7643,10.8113,113.92,152.91
Sousse,Sfax,35.8245,10.6346,34.7406,10.7603,121.06,175.9
Gabès,Sfax,33.8881,10.0975,34.7406,10.7603,112.66,148.87
Gabès,Monastir,33.8881,10.0975,35.7643,10.8113,218.56,265.02
Sfax,Sousse,34.7406,10.7603,35.8245,10.6346,121.06,161.63
Gabès,Ariana,33.8881,10.0975,36.8625,10.1956,330.86,403.98
Tunis,Sfax,36.8065,10.1815,34.7406,10.7603,235.58,307.43
Bizerte,Nabeul,37.2744,9.8739,36.4561,10.7376,119.09,145.28
Tunis,Monastir,36.8065,10.1815,35.7643,10.8113,128.9,174.71
Gafsa,Sfax,34.425,8.7842,34.7406,10.7603,184.28,231.92
Ariana,Gafsa,36.8625,10.1956,34.425,8.7842,299.53,436.05
Gafsa,Sousse,34.425,8.7842,35.8245,10.6346,229.2,293.67
Gabès,Bizerte,33.8881,10.0975,37.2744,9.8739,377.08,555.19
Gafsa,Gabès,34.425,8.7842,33.8881,10.0975,134.78,193.93
Monastir,Nabeul,35.7643,10.8113,36.4561,10.7376,77.21,104.9
Tunis,Kairouan,36.8065,10.1815,35.6781,10.0963,125.7,168.24
Sousse,Ariana,35.8245,10.6346,36.8625,10.1956,121.93,154.26
Monastir,Sfax,35.7643,10.8113,34.7406,10.7603,113.92,138.04
Monastir,Gafsa,35.7643,10.8113,34.425,8.7842,237.04,291.16
Sfax,Ariana,34.7406,10.7603,36.8625,10.1956,241.38,343.83
Sfax,Bizerte,34.7406,10.7603,37.2744,9.8739,292.81,353.34
Sfax,Gabès,34.7406,10.7603,33.8881,10.0975,112.66,135.72
Gafsa,Nabeul,34.425,8.7842,36.4561,10.7376,286.9,379.98
Sfax,Kairouan,34.7406,10.7603,35.6781,10.0963,120.44,168.96
Nabeul,Gafsa,36.4561,10.7376,34.425,8.7842,286.9,362.5
Gafsa,Ariana,34.425,8.7842,36.8625,10.1956,299.53,404.73
Ariana,Kairouan,36.8625,10.1956,35.6781,10.0963,132.0,185.76
Monastir,Gabès,35.7643,10.8113,33.8881,10.0975,218.56,289.41
Gafsa,Sousse,34.425,8.7842,35.8245,10.6346,229.2,276.36
Ariana,Gafsa,36.8625,10.1956,34.425,8.7842,299.53,416.86
Gabès,Sousse,33.8881,10.0975,35.8245,10.6346,220.82,314.04
Gabès,Ariana,33.8881,10.0975,36.8625,10.1956,330.86,465.59
Bizerte,Sfax,37.2744,9.8739,34.7406,10.7603,292.81,370.37
Sfax,Kairouan,34.7406,10.7603,35.6781,10.0963,120.44,179.77
Monastir,Ariana,35.7643,10.8113,36.8625,10.1956,134.0,192.53
Nabeul,Tunis,36.4561,10.7376,36.8065,10.1815,63.09,85.74
Bizerte,Tunis,37.2744,9.8739,36.8065,10.1815,58.76,76.96
Tunis,Kairouan,36.8065,10.1815,35.6781,10.0963,125.7,153.72
Tunis,Nabeul,36.8065,10.1815,36.4561,10.7376,63.09,78.66
Gabès,Tunis,33.8881,10.0975,36.8065,10.1815,324.6,397.53
Sousse,Monastir,35.8245,10.6346,35.7643,10.8113,17.29,22.55
Ariana,Bizerte,36.8625,10.1956,37.2744,9.8739,53.97,70.78
Gabès,Kairouan,33.8881,10.0975,35.6781,10.0963,199.04,260.43
Bizerte,Nabeul,37.2744,9.8739,36.4561,10.7376,119.09,149.93
Monastir,Gabès,35.7643,10.8113,33.8881,10.0975,218.56,304.55
Ariana,Gafsa,36.8625,10.1956,34.425,8.7842,299.53,436.24
Tunis,Gabès,36.8065,10.1815,33.8881,10.0975,324.6,479.8
Ariana,Monastir,36.8625,10.1956,35.7643,10.8113,134.0,164.3
Gabès,Ariana,33.8881,10.0975,36.8625,10.1956,330.86,483.79
Sousse,Kairouan,35.8245,10.6346,35.6781,10.0963,51.23,67.26
Kairouan,Sousse,35.6781,10.0963,35.8245,10.6346,51.23,75.63
Bizerte,Monastir,37.2744,9.8739,35.7643,10.8113,187.65,251.43
Monastir,Nabeul,35.7643,10.8113,36.4561,10.7376,77.21,110.47
Gafsa,Kairouan,34.425,8.7842,35.6781,10.0963,183.52,246.01
Sousse,Sfax,35.8245,10.6346,34.7406,10.7603,121.06,181.46
Gafsa,Bizerte,34.425,8.7842,37.2744,9.8739,331.7,458.57
Gabès,Ariana,33.8881,10.0975,36.8625,10.1956,330.86,461.7
Monastir,Sousse,35.7643,10.8113,35.8245,10.6346,17.29,25.04
Sfax,Monastir,34.7406,10.7603,35.7643,10.8113,113.92,169.56
Nabeul,Gafsa,36.4561,10.7376,34.425,8.7842,286.9,371.61
Tunis,Ariana,36.8065,10.1815,36.8625,10.1956,6.35,9.36
Nabeul,Bizerte,36.4561,10.7376,37.2744,9.8739,119.09,154.05
Nabeul,Gabès,36.4561,10.7376,33.8881,10.0975,291.41,422.65
Gabès,Nabeul,33.8881,10.0975,36.4561,10.7376,291.41,363.92
Gafsa,Monastir,34.425,8.7842,35.7643,10.8113,237.04,317.94
Bizerte,Gabès,37.2744,9.8739,33.8881,10.0975,377.08,538.14
Gabès,Bizerte,33.8881,10.0975,37.2744,9.8739,377.08,549.35
Sousse,Bizerte,35.8245,10.6346,37.2744,9.8739,174.95,219.63
Sousse,Ariana,35.8245,10.6346,36.8625,10.1956,121.93,164.09
Tunis,Gafsa,36.8065,10.1815,34.425,8.7842,293.38,407.7
Gafsa,Gabès,34.425,8.7842,33.8881,10.0975,134.78,188.37
Tunis,Ariana,36.8065,10.1815,36.8625,10.1956,6.35,8.24
Monastir,Ariana,35.7643,10.8113,36.8625,10.1956,134.0,179.45
Gabès,Ariana,33.8881,10.0975,36.8625,10.1956,330.86,466.48
Monastir,Bizerte,35.7643,10.8113,37.2744,9.8739,187.65,280.55
Tunis,Bizerte,36.8065,10.1815,37.2744,9.8739,58.76,70.99
Monastir,Sfax,35.7643,10.8113,34.7406,10.7603,113.92,148.98
Gabès,Ariana,33.8881,10.0975,36.8625,10.1956,330.86,402.17
Gabès,Monastir,33.8881,10.0975,35.7643,10.8113,218.56,274.25
Monastir,Sfax,35.7643,10.8113,34.7406,10.7603,113.92,168.57
Sousse,Ariana,35.8245,10.6346,36.8625,10.1956,121.93,163.71
Nabeul,Gabès,36.4561,10.7376,33.8881,10.0975,291.41,412.18
Sfax,Nabeul,34.7406,10.7603,36.4561,10.7376,190.77,249.22
Gabès,Ariana,33.8881,10.0975,36.8625,10.1956,330.86,422.38
Ariana,Gafsa,36.8625,10.1956,34.425,8.7842,299.53,365.74
Nabeul,Ariana,36.4561,10.7376,36.8625,10.1956,66.18,89.71
Monastir,Gafsa,35.7643,10.8113,34.425,8.7842,237.04,347.47
Bizerte,Gafsa,37.2744,9.8739,34.425,8.7842,331.7,472.91
Tunis,Bizerte,36.8065,10.1815,37.2744,9.8739,58.76,73.09
Gabès,Sousse,33.8881,10.0975,35.8245,10.6346,220.82,298.14
Bizerte,Sousse,37.2744,9.8739,35.8245,10.6346,174.95,256.36
Sfax,Bizerte,34.7406,10.7603,37.2744,9.8739,292.81,426.67
Nabeul,Gabès,36.4561,10.7376,33.8881,10.0975,291.41,389.42
Bizerte,Ariana,37.2744,9.8739,36.8625,10.1956,53.97,79.96
Tunis,Sfax,36.8065,10.1815,34.7406,10.7603,235.58,337.56
Sousse,Bizerte,35.8245,10.6346,37.2744,9.8739,174.95,246.18
Kairouan,Gafsa,35.6781,10.0963,34.425,8.7842,183.52,233.1
Sousse,Gabès,35.8245,10.6346,33.8881,10.0975,220.82,326.39
Bizerte,Gafsa,37.2744,9.8739,34.425,8.7842,331.7,476.39
Nabeul,Tunis,36.4561,10.7376,36.8065,10.1815,63.09,86.42
Sousse,Sfax,35.8245,10.6346,34.7406,10.7603,121.06,151.2
Sousse,Gafsa,35.8245,10.6346,34.425,8.7842,229.2,318.12
Ariana,Sousse,36.8625,10.1956,35.8245,10.6346,121.93,172.93
Bizerte,Kairouan,37.2744,9.8739,35.6781,10.0963,178.61,263.14
Sousse,Tunis,35.8245,10.6346,36.8065,10.1815,116.5,168.72
Tunis,Bizerte,36.8065,10.1815,37.2744,9.8739,58.76,86.3
Sfax,Tunis,34.7406,10.7603,36.8065,10.1815,235.58,292.67
Bizerte,Gabès,37.2744,9.8739,33.8881,10.0975,377.08,456.45
Nabeul,Tunis,36.4561,10.7376,36.8065,10.1815,63.09,88.19
Bizerte,Tunis,37.2744,9.8739,36.8065,10.1815,58.76,77.76
Gabès,Ariana,33.8881,10.0975,36.8625,10.1956,330.86,478.75
Ariana,Tunis,36.8625,10.1956,36.8065,10.1815,6.35,9.32
Gafsa,Ariana,34.425,8.7842,36.8625,10.1956,299.53,385.3
Kairouan,Nabeul,35.6781,10.0963,36.4561,10.7376,103.95,148.62
Sousse,Gafsa,35.8245,10.6346,34.425,8.7842,229.2,322.65
Monastir,Gafsa,35.7643,10.8113,34.425,8.7842,237.04,293.76
Kairouan,Nabeul,35.6781,10.0963,36.4561,10.7376,103.95,139.66
Sousse,Gabès,35.8245,10.6346,33.8881,10.0975,220.82,320.76
Gafsa,Kairouan,34.425,8.7842,35.6781,10.0963,183.52,255.1
Gafsa,Sousse,34.425,8.7842,35.8245,10.6346,229.2,309.44
Tunis,Sousse,36.8065,10.1815,35.8245,10.6346,116.5,169.56
Sousse,Sfax,35.8245,10.6346,34.7406,10.7603,121.06,169.84
Kairouan,Tunis,35.6781,10.0963,36.8065,10.1815,125.7,175.8
Sfax,Ariana,34.7406,10.7603,36.8625,10.1956,241.38,350.29
Nabeul,Sousse,36.4561,10.7376,35.8245,10.6346,70.84,93.55
Gafsa,Sfax,34.425,8.7842,34.7406,10.7603,184.28,221.85
Sfax,Ariana,34.7406,10.7603,36.8625,10.1956,241.38,295.82
Gafsa,Kairouan,34.425,8.7842,35.6781,10.0963,183.52,225.45
Gafsa,Nabeul,34.425,8.7842,36.4561,10.7376,286.9,349.94
Bizerte,Gafsa,37.2744,9.8739,34.425,8.7842,331.7,446.7
Sfax,Gabès,34.7406,10.7603,33.8881,10.0975,112.66,154.74
Kairouan,Bizerte,35.6781,10.0963,37.2744,9.8739,178.61,219.29
Gabès,Tunis,33.8881,10.0975,36.8065,10.1815,324.6,411.53
Bizerte,Gafsa,37.2744,9.8739,34.425,8.7842,331.7,462.91
Nabeul,Tunis,36.4561,10.7376,36.8065,10.1815,63.09,93.36
Ariana,Nabeul,36.8625,10.1956,36.4561,10.7376,66.18,82.47
Bizerte,Sfax,37.2744,9.8739,34.7406,10.7603,292.81,368.06
Nabeul,Sfax,36.4561,10.7376,34.7406,10.7603,190.77,270.84
Kairouan,Sousse,35.6781,10.0963,35.8245,10.6346,51.23,67.56
Nabeul,Kairouan,36.4561,10.7376,35.6781,10.0963,103.95,149.38
Monastir,Kairouan,35.7643,10.8113,35.6781,10.0963,65.25,81.55
Sfax,Kairouan,34.7406,10.7603,35.6781,10.0963,120.44,160.86
Tunis,Kairouan,36.8065,10.1815,35.6781,10.0963,125.7,165.81
Monastir,Sousse,35.7643,10.8113,35.8245,10.6346,17.29,21.68
Bizerte,Gafsa,37.2744,9.8739,34.425,8.7842,331.7,414.21
Nabeul,Bizerte,36.4561,10.7376,37.2744,9.8739,119.09,164.17
Gabès,Tunis,33.8881,10.0975,36.8065,10.1815,324.6,444.62
Gafsa,Tunis,34.425,8.7842,36.8065,10.1815,293.38,384.76
Gafsa,Sousse,34.425,8.7842,35.8245,10.6346,229.2,296.7
Ariana,Gabès,36.8625,10.1956,33.8881,10.0975,330.86,495.07
Nabeul,Gabès,36.4561,10.7376,33.8881,10.0975,291.41,436.73
Bizerte,Kairouan,37.2744,9.8739,35.6781,10.0963,178.61,218.95
Gafsa,Ariana,34.425,8.7842,36.8625,10.1956,299.53,369.9
Kairouan,Nabeul,35.6781,10.0963,36.4561,10.7376,103.95,138.54
Kairouan,Bizerte,35.6781,10.0963,37.2744,9.8739,178.61,244.05
Kairouan,Sfax,35.6781,10.0963,34.7406,10.7603,120.44,150.48
Monastir,Gafsa,35.7643,10.8113,34.425,8.7842,237.04,340.47
Kairouan,Tunis,35.6781,10.0963,36.8065,10.1815,125.7,178.83
Sfax,Kairouan,34.7406,10.7603,35.6781,10.0963,120.44,158.36
Kairouan,Sfax,35.6781,10.0963,34.7406,10.7603,120.44,165.26
Sfax,Kairouan,34.7406,10.7603,35.6781,10.0963,120.44,172.63
Sousse,Kairouan,35.8245,10.6346,35.6781,10.0963,51.23,70.53
Sousse,Bizerte,35.8245,10.6346,37.2744,9.8739,174.95,216.41
Gafsa,Sfax,34.425,8.7842,34.7406,10.7603,184.28,272.44
Bizerte,Gafsa,37.2744,9.8739,34.425,8.7842,331.7,415.66
Kairouan,Ariana,35.6781,10.0963,36.8625,10.1956,132.0,160.42
Tunis,Bizerte,36.8065,10.1815,37.2744,9.8739,58.76,71.79
Monastir,Gafsa,35.7643,10.8113,34.425,8.7842,237.04,346.62
Monastir,Gabès,35.7643,10.8113,33.8881,10.0975,218.56,263.37
Ariana,Tunis,36.8625,10.1956,36.8065,10.1815,6.35,9.21
Ariana,Kairouan,36.8625,10.1956,35.6781,10.0963,132.0,180.12
Nabeul,Kairouan,36.4561,10.7376,35.6781,10.0963,103.95,129.69
Sousse,Gafsa,35.8245,10.6346,34.425,8.7842,229.2,299.48
Monastir,Tunis,35.7643,10.8113,36.8065,10.1815,128.9,160.92
Bizerte,Tunis,37.2744,9.8739,36.8065,10.1815,58.76,70.96
Kairouan,Nabeul,35.6781,10.0963,36.4561,10.7376,103.95,137.6
Monastir,Sfax,35.7643,10.8113,34.7406,10.7603,113.92,151.03
Sousse,Monastir,35.8245,10.6346,35.7643,10.8113,17.29,22.23
Kairouan,Tunis,35.6781,10.0963,36.8065,10.1815,125.7,172.48
Gabès,Ariana,33.8881,10.0975,36.8625,10.1956,330.86,486.02
Kairouan,Bizerte,35.6781,10.0963,37.2744,9.8739,178.61,246.32
Nabeul,Sfax,36.4561,10.7376,34.7406,10.7603,190.77,239.27
Sousse,Bizerte,35.8245,10.6346,37.2744,9.8739,174.95,240.89
Gabès,Monastir,33.8881,10.0975,35.7643,10.8113,218.56,300.23
Sousse,Sfax,35.8245,10.6346,34.7406,10.7603,121.06,179.15
Bizerte,Tunis,37.2744,9.8739,36.8065,10.1815,58.76,82.48
Gafsa,Gabès,34.425,8.7842,33.8881,10.0975,134.78,170.66
Sousse,Bizerte,35.8245,10.6346,37.2744,9.8739,174.95,236.82
Sousse,Tunis,35.8245,10.6346,36.8065,10.1815,116.5,170.78
Gabès,Sousse,33.8881,10.0975,35.8245,10.6346,220.82,293.35
Tunis,Monastir,36.8065,10.1815,35.7643,10.8113,128.9,166.79
Tunis,Kairouan,36.8065,10.1815,35.6781,10.0963,125.7,180.38
Sfax,Bizerte,34.7406,10.7603,37.2744,9.8739,292.81,363.95
Nabeul,Sfax,36.4561,10.7376,34.7406,10.7603,190.77,256.75
Nabeul,Tunis,36.4561,10.7376,36.8065,10.1815,63.09,81.43
Kairouan,Gafsa,35.6781,10.0963,34.425,8.7842,183.52,238.29
Ariana,Nabeul,36.8625,10.1956,36.4561,10.7376,66.18,95.35
Tunis,Kairouan,36.8065,10.1815,35.6781,10.0963,125.7,161.75
Gafsa,Monastir,34.425,8.7842,35.7643,10.8113,237.04,328.89
Monastir,Kairouan,35.7643,10.8113,35.6781,10.0963,65.25,85.8
Gabès,Bizerte,33.8881,10.0975,37.2744,9.8739,377.08,506.48
Gafsa,Tunis,34.425,8.7842,36.8065,10.1815,293.38,414.16
Gafsa,Sousse,34.425,8.7842,35.8245,10.6346,229.2,278.29
Kairouan,Gafsa,35.6781,10.0963,34.425,8.7842,183.52,274.05
Kairouan,Sousse,35.6781,10.0963,35.8245,10.6346,51.23,69.48
Gafsa,Sousse,34.425,8.7842,35.8245,10.6346,229.2,302.32
Gafsa,Sousse,34.425,8.7842,35.8245,10.6346,229.2,329.02
Monastir,Bizerte,35.7643,10.8113,37.2744,9.8739,187.65,239.63
Bizerte,Ariana,37.2744,9.8739,36.8625,10.1956,53.97,68.97
Gafsa,Monastir,34.425,8.7842,35.7643,10.8113,237.04,323.83
Kairouan,Monastir,35.6781,10.0963,35.7643,10.8113,65.25,92.45
Bizerte,Ariana,37.2744,9.8739,36.8625,10.1956,53.97,76.81
Gafsa,Bizerte,34.425,8.7842,37.2744,9.8739,331.7,425.36
Ariana,Monastir,36.8625,10.1956,35.7643,10.8113,134.0,193.57
Gafsa,Kairouan,34.425,8.7842,35.6781,10.0963,183.52,274.67
Sousse,Monastir,35.8245,10.6346,35.7643,10.8113,17.29,25.2
Tunis,Gafsa,36.8065,10.1815,34.425,8.7842,293.38,381.75
Sfax,Monastir,34.7406,10.7603,35.7643,10.8113,113.92,143.1
Tunis,Kairouan,36.8065,10.1815,35.6781,10.0963,125.7,181.3
Monastir,Bizerte,35.7643,10.8113,37.2744,9.8739,187.65,242.89
Sfax,Tunis,34.7406,10.7603,36.8065,10.1815,235.58,305.76
Ariana,Kairouan,36.8625,10.1956,35.6781,10.0963,132.0,161.48
Bizerte,Sfax,37.2744,9.8739,34.7406,10.7603,292.81,352.53
Kairouan,Nabeul,35.6781,10.0963,36.4561,10.7376,103.95,130.95
Tunis,Gafsa,36.8065,10.1815,34.425,8.7842,293.38,379.37
Kairouan,Gafsa,35.6781,10.0963,34.425,8.7842,183.52,242.33
Gabès,Monastir,33.8881,10.0975,35.7643,10.8113,218.56,324.8
Sfax,Bizerte,34.7406,10.7603,37.2744,9.8739,292.81,395.62
Monastir,Ariana,35.7643,10.8113,36.8625,10.1956,134.0,186.07
Gabès,Nabeul,33.8881,10.0975,36.4561,10.7376,291.41,430.48
Gafsa,Gabès,34.425,8.7842,33.8881,10.0975,134.78,189.59
Monastir,Gafsa,35.7643,10.8113,34.425,8.7842,237.04,310.23
Nabeul,Bizerte,36.4561,10.7376,37.2744,9.8739,119.09,150.03
Gabès,Gafsa,33.8881,10.0975,34.425,8.7842,134.78,177.38
Monastir,Sousse,35.7643,10.8113,35.8245,10.6346,17.29,23.26
Bizerte,Sousse,37.2744,9.8739,35.8245,10.6346,174.95,247.45
Sousse,Bizerte,35.8245,10.6346,37.2744,9.8739,174.95,248.19
Gafsa,Sousse,34.425,8.7842,35.8245,10.6346,229.2,298.34
Gafsa,Bizerte,34.425,8.7842,37.2744,9.8739,331.7,447.72
Bizerte,Kairouan,37.2744,9.8739,35.6781,10.0963,178.61,228.36
Bizerte,Monastir,37.2744,9.8739,35.7643,10.8113,187.65,257.21
Monastir,Sfax,35.7643,10.8113,34.7406,10.7603,113.92,149.12
Sousse,Sfax,35.8245,10.6346,34.7406,10.7603,121.06,159.62
Gafsa,Monastir,34.425,8.7842,35.7643,10.8113,237.04,318.6
Monastir,Tunis,35.7643,10.8113,36.8065,10.1815,128.9,183.63
Tunis,Gabès,36.8065,10.1815,33.8881,10.0975,324.6,467.97
Sousse,Ariana,35.8245,10.6346,36.8625,10.1956,121.93,153.85
Gafsa,Gabès,34.425,8.7842,33.8881,10.0975,134.78,167.33
Tunis,Kairouan,36.8065,10.1815,35.6781,10.0963,125.7,187.62
Tunis,Gafsa,36.8065,10.1815,34.425,8.7842,293.38,380.91
Sfax,Ariana,34.7406,10.7603,36.8625,10.1956,241.38,295.76
Ariana,Monastir,36.8625,10.1956,35.7643,10.8113,134.0,182.32
Monastir,Gabès,35.7643,10.8113,33.8881,10.0975,218.56,318.53
Tunis,Ariana,36.8065,10.1815,36.8625,10.1956,6.35,7.8
Monastir,Nabeul,35.7643,10.8113,36.4561,10.7376,77.21,104.99
Sousse,Ariana,35.8245,10.6346,36.8625,10.1956,121.93,181.79
Bizerte,Ariana,37.2744,9.8739,36.8625,10.1956,53.97,70.08
Bizerte,Nabeul,37.2744,9.8739,36.4561,10.7376,119.09,171.67
Tunis,Sousse,36.8065,10.1815,35.8245,10.6346,116.5,149.47
Kairouan,Sousse,35.6781,10.0963,35.8245,10.6346,51.23,74.33
Nabeul,Monastir,36.4561,10.7376,35.7643,10.8113,77.21,103.89
Sousse,Monastir,35.8245,10.6346,35.7643,10.8113,17.29,23.26
Sousse,Gabès,35.8245,10.6346,33.8881,10.0975,220.82,281.9
Nabeul,Bizerte,36.4561,10.7376,37.2744,9.8739,119.09,157.28
Sousse,Bizerte,35.8245,10.6346,37.2744,9.8739,174.95,232.07
Tunis,Gabès,36.8065,10.1815,33.8881,10.0975,324.6,423.62
Ariana,Bizerte,36.8625,10.1956,37.2744,9.8739,53.97,73.91
Nabeul,Gabès,36.4561,10.7376,33.8881,10.0975,291.41,391.83
Sousse,Nabeul,35.8245,10.6346,36.4561,10.7376,70.84,88.66
Tunis,Monastir,36.8065,10.1815,35.7643,10.8113,128.9,174.59
Gabès,Tunis,33.8881,10.0975,36.8065,10.1815,324.6,427.9
Sfax,Nabeul,34.7406,10.7603,36.4561,10.7376,190.77,259.68
Gabès,Ariana,33.8881,10.0975,36.8625,10.1956,330.86,487.24
Ariana,Bizerte,36.8625,10.1956,37.2744,9.8739,53.97,68.42
Sfax,Sousse,34.7406,10.7603,35.8245,10.6346,121.06,176.04
Sousse,Ariana,35.8245,10.6346,36.8625,10.1956,121.93,157.36
Gabès,Gafsa,33.8881,10.0975,34.425,8.7842,134.78,201.24
Tunis,Ariana,36.8065,10.1815,36.8625,10.1956,6.35,8.82
Gafsa,Monastir,34.425,8.7842,35.7643,10.8113,237.04,336.97
Tunis,Gafsa,36.8065,10.1815,34.425,8.7842,293.38,356.19
Bizerte,Nabeul,37.2744,9.8739,36.4561,10.7376,119.09,173.97
Monastir,Ariana,35.7643,10.8113,36.8625,10.1956,134.0,180.47
Ariana,Kairouan,36.8625,10.1956,35.6781,10.0963,132.0,174.24
Monastir,Ariana,35.7643,10.8113,36.8625,10.1956,134.0,192.79
Bizerte,Nabeul,37.2744,9.8739,36.4561,10.7376,119.09,144.28
Nabeul,Gafsa,36.4561,10.7376,34.425,8.7842,286.9,406.02
Kairouan,Ariana,35.6781,10.0963,36.8625,10.1956,132.0,175.3
Bizerte,Tunis,37.2744,9.8739,36.8065,10.1815,58.76,71.61
Kairouan,Sousse,35.6781,10.0963,35.8245,10.6346,51.23,66.16
Gafsa,Bizerte,34.425,8.7842,37.2744,9.8739,331.7,414.58
Gabès,Sousse,33.8881,10.0975,35.8245,10.6346,220.82,324.02
Ariana,Sfax,36.8625,10.1956,34.7406,10.7603,241.38,359.28
Sousse,Monastir,35.8245,10.6346,35.7643,10.8113,17.29,23.17
Nabeul,Ariana,36.4561,10.7376,36.8625,10.1956,66.18,94.54
Bizerte,Ariana,37.2744,9.8739,36.8625,10.1956,53.97,79.24
Tunis,Sousse,36.8065,10.1815,35.8245,10.6346,116.5,170.92
Monastir,Gabès,35.7643,10.8113,33.8881,10.0975,218.56,308.76
Monastir,Sfax,35.7643,10.8113,34.7406,10.7603,113.92,138.89
Tunis,Bizerte,36.8065,10.1815,37.2744,9.8739,58.76,87.17
Gafsa,Monastir,34.425,8.7842,35.7643,10.8113,237.04,351.89
Ariana,Nabeul,36.8625,10.1956,36.4561,10.7376,66.18,79.89
Kairouan,Ariana,35.6781,10.0963,36.8625,10.1956,132.0,167.77
Bizerte,Sousse,37.2744,9.8739,35.8245,10.6346,174.95,254.29
Gafsa,Kairouan,34.425,8.7842,35.6781,10.0963,183.52,253.88
Sfax,Monastir,34.7406,10.7603,35.7643,10.8113,113.92,137.81
Sfax,Gabès,34.7406,10.7603,33.8881,10.0975,112.66,142.78
Nabeul,Gafsa,36.4561,10.7376,34.425,8.7842,286.9,356.28
Tunis,Monastir,36.8065,10.1815,35.7643,10.8113,128.9,172.39
Nabeul,Monastir,36.4561,10.7376,35.7643,10.8113,77.21,100.71
Ariana,Nabeul,36.8625,10.1956,36.4561,10.7376,66.18,93.07
Sfax,Gafsa,34.7406,10.7603,34.425,8.7842,184.28,223.78
Tunis,Bizerte,36.8065,10.1815,37.2744,9.8739,58.76,84.25
Nabeul,Sfax,36.4561,10.7376,34.7406,10.7603,190.77,250.72
Tunis,Monastir,36.8065,10.1815,35.7643,10.8113,128.9,169.97
Tunis,Kairouan,36.8065,10.1815,35.6781,10.0963,125.7,155.33
Bizerte,Kairouan,37.2744,9.8739,35.6781,10.0963,178.61,225.77
Tunis,Bizerte,36.8065,10.1815,37.2744,9.8739,58.76,85.88
Kairouan,Sfax,35.6781,10.0963,34.7406,10.7603,120.44,147.83
Gafsa,Kairouan,34.425,8.7842,35.6781,10.0963,183.52,263.04
Kairouan,Tunis,35.6781,10.0963,36.8065,10.1815,125.7,181.45
Sfax,Gafsa,34.7406,10.7603,34.425,8.7842,184.28,254.84
Monastir,Sfax,35.7643,10.8113,34.7406,10.7603,113.92,156.5
Tunis,Ariana,36.8065,10.1815,36.8625,10.1956,6.35,7.67
Nabeul,Sousse,36.4561,10.7376,35.8245,10.6346,70.84,94.87
Kairouan,Sfax,35.6781,10.0963,34.7406,10.7603,120.44,172.56
Gafsa,Sousse,34.425,8.7842,35.8245,10.6346,229.2,319.49
Sousse,Monastir,35.8245,10.6346,35.7643,10.8113,17.29,22.27
Kairouan,Nabeul,35.6781,10.0963,36.4561,10.7376,103.95,145.54
Sfax,Sousse,34.7406,10.7603,35.8245,10.6346,121.06,156.74
Monastir,Bizerte,35.7643,10.8113,37.2744,9.8739,187.65,271.41
Monastir,Kairouan,35.7643,10.8113,35.6781,10.0963,65.25,97.83
Bizerte,Gabès,37.2744,9.8739,33.8881,10.0975,377.08,460.98
Ariana,Gafsa,36.8625,10.1956,34.425,8.7842,299.53,417.51
Bizerte,Sfax,37.2744,9.8739,34.7406,10.7603,292.81,403.06
Gafsa,Tunis,34.425,8.7842,36.8065,10.1815,293.38,427.6
Sousse,Tunis,35.8245,10.6346,36.8065,10.1815,116.5,142.11
Gafsa,Kairouan,34.425,8.7842,35.6781,10.0963,183.52,258.74
Sfax,Gabès,34.7406,10.7603,33.8881,10.0975,112.66,164.59
Tunis,Ariana,36.8065,10.1815,36.8625,10.1956,6.35,8.71
Gabès,Sfax,33.8881,10.0975,34.7406,10.7603,112.66,162.92
Sousse,Nabeul,35.8245,10.6346,36.4561,10.7376,70.84,97.39
Sousse,Ariana,35.8245,10.6346,36.8625,10.1956,121.93,180.99
Sfax,Sousse,34.7406,10.7603,35.8245,10.6346,121.06,155.59
Sfax,Gafsa,34.7406,10.7603,34.425,8.7842,184.28,258.47
Nabeul,Gafsa,36.4561,10.7376,34.425,8.7842,286.9,397.62
Gafsa,Ariana,34.425,8.7842,36.8625,10.1956,299.53,414.99
Tunis,Kairouan,36.8065,10.1815,35.6781,10.0963,125.7,161.63
Gabès,Sfax,33.8881,10.0975,34.7406,10.7603,112.66,142.29
Ariana,Kairouan,36.8625,10.1956,35.6781,10.0963,132.0,158.98
Bizerte,Sfax,37.2744,9.8739,34.7406,10.7603,292.81,430.0
Bizerte,Gabès,37.2744,9.8739,33.8881,10.0975,377.08,498.36
Monastir,Bizerte,35.7643,10.8113,37.2744,9.8739,187.65,239.38
Bizerte,Ariana,37.2744,9.8739,36.8625,10.1956,53.97,79.45
Gafsa,Sousse,34.425,8.7842,35.8245,10.6346,229.2,307.29
Nabeul,Kairouan,36.4561,10.7376,35.6781,10.0963,103.95,129.15
Ariana,Sfax,36.8625,10.1956,34.7406,10.7603,241.38,315.3
Gabès,Tunis,33.8881,10.0975,36.8065,10.1815,324.6,415.43
Gabès,Ariana,33.8881,10.0975,36.8625,10.1956,330.86,413.27
Nabeul,Ariana,36.4561,10.7376,36.8625,10.1956,66.18,83.86
Bizerte,Tunis,37.2744,9.8739,36.8065,10.1815,58.76,71.89
Bizerte,Gafsa,37.2744,9.8739,34.425,8.7842,331.7,421.86
Gabès,Sousse,33.8881,10.0975,35.8245,10.6346,220.82,306.93
Tunis,Sousse,36.8065,10.1815,35.8245,10.6346,116.5,144.91
Kairouan,Tunis,35.6781,10.0963,36.8065,10.1815,125.7,172.7
Bizerte,Kairouan,37.2744,9.8739,35.6781,10.0963,178.61,250.71
Sousse,Ariana,35.8245,10.6346,36.8625,10.1956,121.93,182.07
Nabeul,Gabès,36.4561,10.7376,33.8881,10.0975,291.41,367.5
Gafsa,Nabeul,34.425,8.7842,36.4561,10.7376,286.9,422.27
Gafsa,Monastir,34.425,8.7842,35.7643,10.8113,237.04,293.01
Tunis,Sousse,36.8065,10.1815,35.8245,10.6346,116.5,174.18
Monastir,Gafsa,35.7643,10.8113,34.425,8.7842,237.04,329.6
Gafsa,Gabès,34.425,8.7842,33.8881,10.0975,134.78,178.35
Tunis,Sousse,36.8065,10.1815,35.8245,10.6346,116.5,170.33
Ariana,Nabeul,36.8625,10.1956,36.4561,10.7376,66.18,87.49
Tunis,Monastir,36.8065,10.1815,35.7643,10.8113,128.9,162.4
Monastir,Sfax,35.7643,10.8113,34.7406,10.7603,113.92,164.49
Sousse,Gabès,35.8245,10.6346,33.8881,10.0975,220.82,304.57
Monastir,Ariana,35.7643,10.8113,36.8625,10.1956,134.0,175.22
Monastir,Sousse,35.7643,10.8113,35.8245,10.6346,17.29,25.44
Nabeul,Gabès,36.4561,10.7376,33.8881,10.0975,291.41,368.73
Tunis,Nabeul,36.8065,10.1815,36.4561,10.7376,63.09,85.98
Sousse,Ariana,35.8245,10.6346,36.8625,10.1956,121.93,174.77
Gabès,Gafsa,33.8881,10.0975,34.425,8.7842,134.78,166.8
Monastir,Gabès,35.7643,10.8113,33.8881,10.0975,218.56,282.36
Sfax,Kairouan,34.7406,10.7603,35.6781,10.0963,120.44,144.7
Monastir,Tunis,35.7643,10.8113,36.8065,10.1815,128.9,185.64
Kairouan,Nabeul,35.6781,10.0963,36.4561,10.7376,103.95,154.85
Nabeul,Tunis,36.4561,10.7376,36.8065,10.1815,63.09,78.73
Gabès,Monastir,33.8881,10.0975,35.7643,10.8113,218.56,312.74
Gafsa,Monastir,34.425,8.7842,35.7643,10.8113,237.04,287.09
Gafsa,Nabeul,34.425,8.7842,36.4561,10.7376,286.9,390.93
Sfax,Kairouan,34.7406,10.7603,35.6781,10.0963,120.44,158.15
Sfax,Gafsa,34.7406,10.7603,34.425,8.7842,184.28,229.05
Nabeul,Monastir,36.4561,10.7376,35.7643,10.8113,77.21,100.57
Sousse,Bizerte,35.8245,10.6346,37.2744,9.8739,174.95,250.12
Sfax,Monastir,34.7406,10.7603,35.7643,10.8113,113.92,166.52
Gabès,Tunis,33.8881,10.0975,36.8065,10.1815,324.6,414.18
Ariana,Tunis,36.8625,10.1956,36.8065,10.1815,6.35,7.87
Sousse,Gabès,35.8245,10.6346,33.8881,10.0975,220.82,321.7
Tunis,Bizerte,36.8065,10.1815,37.2744,9.8739,58.76,84.42
Sousse,Kairouan,35.8245,10.6346,35.6781,10.0963,51.23,67.39
Kairouan,Bizerte,35.6781,10.0963,37.2744,9.8739,178.61,260.05
Monastir,Sfax,35.7643,10.8113,34.7406,10.7603,113.92,155.01
Tunis,Gafsa,36.8065,10.1815,34.425,8.7842,293.38,356.93
Bizerte,Ariana,37.2744,9.8739,36.8625,10.1956,53.97,77.62
Bizerte,Sousse,37.2744,9.8739,35.8245,10.6346,174.95,225.95
Ariana,Bizerte,36.8625,10.1956,37.2744,9.8739,53.97,69.6
Gafsa,Gabès,34.425,8.7842,33.8881,10.0975,134.78,191.29
Kairouan,Tunis,35.6781,10.0963,36.8065,10.1815,125.7,178.1
Monastir,Sousse,35.7643,10.8113,35.8245,10.6346,17.29,25.28
Ariana,Bizerte,36.8625,10.1956,37.2744,9.8739,53.97,72.75
Monastir,Sfax,35.7643,10.8113,34.7406,10.7603,113.92,137.89
Gabès,Ariana,33.8881,10.0975,36.8625,10.1956,330.86,449.45
Gafsa,Sfax,34.425,8.7842,34.7406,10.7603,184.28,261.36
Tunis,Monastir,36.8065,10.1815,35.7643,10.8113,128.9,155.38
Ariana,Tunis,36.8625,10.1956,36.8065,10.1815,6.35,8.52
Tunis,Monastir,36.8065,10.1815,35.7643,10.8113,128.9,155.74
Sfax,Kairouan,34.7406,10.7603,35.6781,10.0963,120.44,170.72
Gafsa,Bizerte,34.425,8.7842,37.2744,9.8739,331.7,481.24
Tunis,Sousse,36.8065,10.1815,35.8245,10.6346,116.5,154.04
Gabès,Monastir,33.8881,10.0975,35.7643,10.8113,218.56,265.85
Gabès,Gafsa,33.8881,10.0975,34.425,8.7842,134.78,174.63
Sousse,Ariana,35.8245,10.6346,36.8625,10.1956,121.93,146.89
Gabès,Nabeul,33.8881,10.0975,36.4561,10.7376,291.41,405.89
Monastir,Bizerte,35.7643,10.8113,37.2744,9.8739,187.65,229.26
Monastir,Kairouan,35.7643,10.8113,35.6781,10.0963,65.25,83.36
Kairouan,Gabès,35.6781,10.0963,33.8881,10.0975,199.04,285.0
Sousse,Monastir,35.8245,10.6346,35.7643,10.8113,17.29,24.42
Tunis,Sousse,36.8065,10.1815,35.8245,10.6346,116.5,142.26
Sfax,Tunis,34.7406,10.7603,36.8065,10.1815,235.58,309.46
Sfax,Tunis,34.7406,10.7603,36.8065,10.1815,235.58,347.7
Bizerte,Nabeul,37.2744,9.8739,36.4561,10.7376,119.09,143.28
Nabeul,Tunis,36.4561,10.7376,36.8065,10.1815,63.09,87.43
Gafsa,Gabès,34.425,8.7842,33.8881,10.0975,134.78,195.8
Nabeul,Gafsa,36.4561,10.7376,34.425,8.7842,286.9,402.02
Bizerte,Sousse,37.2744,9.8739,35.8245,10.6346,174.95,254.52
Nabeul,Sfax,36.4561,10.7376,34.7406,10.7603,190.77,261.48
Gafsa,Monastir,34.425,8.7842,35.7643,10.8113,237.04,353.03
Gafsa,Ariana,34.425,8.7842,36.8625,10.1956,299.53,422.53
Monastir,Nabeul,35.7643,10.8113,36.4561,10.7376,77.21,105.75
Bizerte,Ariana,37.2744,9.8739,36.8625,10.1956,53.97,75.62
Sousse,Kairouan,35.8245,10.6346,35.6781,10.0963,51.23,62.77
Sfax,Ariana,34.7406,10.7603,36.8625,10.1956,241.38,295.56
Nabeul,Gabès,36.4561,10.7376,33.8881,10.0975,291.41,370.45
Tunis,Kairouan,36.8065,10.1815,35.6781,10.0963,125.7,157.18
Sfax,Tunis,34.7406,10.7603,36.8065,10.1815,235.58,330.19
Ariana,Sfax,36.8625,10.1956,34.7406,10.7603,241.38,341.05
Nabeul,Ariana,36.4561,10.7376,36.8625,10.1956,66.18,97.67
Bizerte,Sousse,37.2744,9.8739,35.8245,10.6346,174.95,233.85
Bizerte,Gabès,37.2744,9.8739,33.8881,10.0975,377.08,521.09
Monastir,Tunis,35.7643,10.8113,36.8065,10.1815,128.9,161.4
Monastir,Nabeul,35.7643,10.8113,36.4561,10.7376,77.21,99.13
Nabeul,Kairouan,36.4561,10.7376,35.6781,10.0963,103.95,155.63
Bizerte,Ariana,37.2744,9.8739,36.8625,10.1956,53.97,68.06
Gabès,Sfax,33.8881,10.0975,34.7406,10.7603,112.66,136.81
Bizerte,Sousse,37.2744,9.8739,35.8245,10.6346,174.95,249.93
Kairouan,Ariana,35.6781,10.0963,36.8625,10.1956,132.0,173.73
Kairouan,Nabeul,35.6781,10.0963,36.4561,10.7376,103.95,127.1
Ariana,Kairouan,36.8625,10.1956,35.6781,10.0963,132.0,186.43
Gafsa,Tunis,34.425,8.7842,36.8065,10.1815,293.38,406.83
Kairouan,Sousse,35.6781,10.0963,35.8245,10.6346,51.23,69.15
Ariana,Monastir,36.8625,10.1956,35.7643,10.8113,134.0,174.76
Gafsa,Gabès,34.425,8.7842,33.8881,10.0975,134.78,199.5
Nabeul,Gafsa,36.4561,10.7376,34.425,8.7842,286.9,423.87
Sfax,Ariana,34.7406,10.7603,36.8625,10.1956,241.38,324.6
Kairouan,Tunis,35.6781,10.0963,36.8065,10.1815,125.7,157.01
Sfax,Sousse,34.7406,10.7603,35.8245,10.6346,121.06,177.64
Sousse,Monastir,35.8245,10.6346,35.7643,10.8113,17.29,21.16
Sfax,Bizerte,34.7406,10.7603,37.2744,9.8739,292.81,426.44
Ariana,Kairouan,36.8625,10.1956,35.6781,10.0963,132.0,192.25
Nabeul,Kairouan,36.4561,10.7376,35.6781,10.0963,103.95,149.46
Kairouan,Sfax,35.6781,10.0963,34.7406,10.7603,120.44,157.52
Monastir,Kairouan,35.7643,10.8113,35.6781,10.0963,65.25,83.2
Gafsa,Ariana,34.425,8.7842,36.8625,10.1956,299.53,446.36
Bizerte,Nabeul,37.2744,9.8739,36.4561,10.7376,119.09,158.7
Gabès,Sfax,33.8881,10.0975,34.7406,10.7603,112.66,136.07
Kairouan,Sousse,35.6781,10.0963,35.8245,10.6346,51.23,66.45
Tunis,Sousse,36.8065,10.1815,35.8245,10.6346,116.5,143.88
Ariana,Sousse,36.8625,10.1956,35.8245,10.6346,121.93,178.55
Sfax,Bizerte,34.7406,10.7603,37.2744,9.8739,292.81,431.54
Ariana,Nabeul,36.8625,10.1956,36.4561,10.7376,66.18,83.21
Nabeul,Monastir,36.4561,10.7376,35.7643,10.8113,77.21,113.71
Sfax,Bizerte,34.7406,10.7603,37.2744,9.8739,292.81,397.34
Gabès,Nabeul,33.8881,10.0975,36.4561,10.7376,291.41,354.68
Monastir,Kairouan,35.7643,10.8113,35.6781,10.0963,65.25,82.23
Gafsa,Monastir,34.425,8.7842,35.7643,10.8113,237.04,353.62
Nabeul,Tunis,36.4561,10.7376,36.8065,10.1815,63.09,91.19
Monastir,Sousse,35.7643,10.8113,35.8245,10.6346,17.29,24.26
Tunis,Ariana,36.8065,10.1815,36.8625,10.1956,6.35,8.93
Sousse,Nabeul,35.8245,10.6346,36.4561,10.7376,70.84,94.12
Nabeul,Gafsa,36.4561,10.7376,34.425,8.7842,286.9,393.54
Bizerte,Kairouan,37.2744,9.8739,35.6781,10.0963,178.61,218.24
Nabeul,Sousse,36.4561,10.7376,35.8245,10.6346,70.84,90.24
Tunis,Sousse,36.8065,10.1815,35.8245,10.6346,116.5,170.41
Kairouan,Bizerte,35.6781,10.0963,37.2744,9.8739,178.61,230.27
Tunis,Nabeul,36.8065,10.1815,36.4561,10.7376,63.09,81.08
Ariana,Monastir,36.8625,10.1956,35.7643,10.8113,134.0,161.8
Ariana,Kairouan,36.8625,10.1956,35.6781,10.0963,132.0,195.22
Ariana,Sfax,36.8625,10.1956,34.7406,10.7603,241.38,340.99
Sfax,Ariana,34.7406,10.7603,36.8625,10.1956,241.38,295.13
Ariana,Gafsa,36.8625,10.1956,34.425,8.7842,299.53,367.5
Nabeul,Gafsa,36.4561,10.7376,34.425,8.7842,286.9,380.14
Sousse,Gabès,35.8245,10.6346,33.8881,10.0975,220.82,280.76
Kairouan,Nabeul,35.6781,10.0963,36.4561,10.7376,103.95,139.62
Bizerte,Sfax,37.2744,9.8739,34.7406,10.7603,292.81,400.38
Bizerte,Sfax,37.2744,9.8739,34.7406,10.7603,292.81,401.65
Bizerte,Kairouan,37.2744,9.8739,35.6781,10.0963,178.61,243.48
Sousse,Bizerte,35.8245,10.6346,37.2744,9.8739,174.95,252.28
Monastir,Gabès,35.7643,10.8113,33.8881,10.0975,218.56,300.84
Monastir,Ariana,35.7643,10.8113,36.8625,10.1956,134.0,195.96
Kairouan,Nabeul,35.6781,10.0963,36.4561,10.7376,103.95,134.2
Bizerte,Sfax,37.2744,9.8739,34.7406,10.7603,292.81,367.88
Ariana,Gabès,36.8625,10.1956,33.8881,10.0975,330.86,443.12
Bizerte,Monastir,37.2744,9.8739,35.7643,10.8113,187.65,228.11
Ariana,Sousse,36.8625,10.1956,35.8245,10.6346,121.93,177.76
Tunis,Kairouan,36.8065,10.1815,35.6781,10.0963,125.7,179.04
Sousse,Kairouan,35.8245,10.6346,35.6781,10.0963,51.23,75.79
Tunis,Gabès,36.8065,10.1815,33.8881,10.0975,324.6,449.81
Gabès,Sousse,33.8881,10.0975,35.8245,10.6346,220.82,270.64
Bizerte,Gafsa,37.2744,9.8739,34.425,8.7842,331.7,483.13
